<?xml version="1.0" encoding="UTF-8" ?>
<!DOCTYPE configuration
  PUBLIC "-//mybatis.org//DTD Config 3.0//EN"
  "https://mybatis.org/dtd/mybatis-3-config.dtd">
<!-- mybatis 환경설정 파일 -->
<configuration>
	<!-- db.properties 파일 연결 -->
	<!-- db보안을 위해서 db연결 아이디와 패스워드 등 분리해서 저장 -->
	<properties resource="com/smhrd/mybatis/db.properties"></properties>

	<!-- TypeAlias 설정 -->
	<typeAliases>
		<typeAlias type="com.smhrd.model.MemberDTO" alias="MemberDTO"/>
		<typeAlias type="com.smhrd.model.BoardVO" alias="BoardVO"/>
			
	</typeAliases>

	<environments default="development">
		<environment id="development">
			<transactionManager type="JDBC" />
			<dataSource type="POOLED">
				<property name="driver" value="${driver}" />
				<property name="url" value="${url}" />
				<property name="username" value="${username}" />
				<property name="password" value="${password}" />
			</dataSource>
		</environment>
	</environments>

	<!-- mapper파일 등록 -->
	<mappers>
		<mapper resource="com/smhrd/mapper/MemberMapper.xml" />
		<mapper resource="com/smhrd/mapper/BoardMapper.xml" />
	</mappers>
</configuration>